"","names","values"
"1","N1",8
"2","span1",114.805038400523
"3","density1",0.0696833528515553
"4","N2",18
"5","span2",101.875466640258
"6","density2",0.176686307249629
